{"1717103162.4282808": [86.00000000000003, 91.9999999999998, 115.00000000000003, 106.99999999999955], "1717103165.0824504": [311.0, 106.99999999999955, 345.0000000000001, 116.99999999999986], "1717103167.58295": [311.0, 67.0, 345.0, 77.0], "1717103173.540812": [541.0, 77.0, 259.0, 314.0], "1717103190.7306747": [770.0, 483.0, 115.00000000000003, 106.99999999999955], "1717103195.7210875": [311.0, 67.0, 574.0, 363.0], "1717103211.8130713": [187.0, 203.0, 259.0, 334.0], "1717103227.5026798": [209.99999999999994, 364.99999999999943, 259.0000000000001, 393.9999999999999], "1717103231.8257816": [455.0, 334.0, 574.0, 403.0], "1717103234.2804189": [455.0, 314.0, 574.0, 383.0], "1717103242.939553": [455.0, 354.0, 574.0, 423.0], "1717103246.9237804": [187.0, 203.0, 574.0, 443.0], "1717103253.282616": [455.0000000000001, 393.9999999999999, 574.0, 483.0]}