{"1722853293.861194": [-175.0000000000001, 292.9999999999995, -145.00000000000009, 300.9999999999994], "1722853297.3479385": [50.999999999999915, 300.9999999999994, 98.99999999999989, 337.99999999999955], "1722853317.5339234": [694.0, 424.9999999999998, 727.0000000000002, 396.9999999999996], "1722853323.5013783": [295.0, 298.0, 727.0, 317.0], "1722853328.4061239": [51.0, 261.0, 727.0, 357.0], "1722853334.9103997": [51.0, 261.0, 498.0, 365.0], "1722853338.871483": [51.0, 261.0, 99.0, 298.0], "1722853342.2784922": [694.0, 385.0, 727.0, 337.0], "1722853345.3275404": [295.0, 298.0, 498.0, 345.0], "1722853439.5795171": [-177.0000000000001, 186.9999999999997, -121.00000000000009, 178.99999999999966], "1722853447.640168": [75.0, 139.0, 727.0, 277.0], "1722853460.431083": [75.0, 139.0, 124.0, 128.0], "1722853466.062204": [320.0, 128.0, 99.0, 278.0], "1722853470.1934125": [320.0, 128.0, 498.0, 325.0], "1722853476.2790906": [74.99999999999991, 178.99999999999966, 123.99999999999994, 167.99999999999966], "1722853496.8099022": [923.0000000000002, 396.9999999999996, -121.00000000000009, 178.99999999999966]}