{"1722853297.3479385": [-1185.0, 306.9999999999991, -1137.0, 343.9999999999992], "1722853317.5339234": [-496.0, 396.9999999999993, -360.0, 392.9999999999993], "1722853323.5013783": [-941.0, 304.0, -360.0, 313.0], "1722853328.4061239": [-1185.0, 267.0, -360.0, 353.0], "1722853334.9103997": [-1185.0, 267.0, -692.0, 337.0], "1722853338.871483": [-1185.0, 267.0, -1137.0, 304.0], "1722853342.2784922": [-496.0, 357.0, -360.0, 333.0], "1722853345.3275404": [-941.0, 304.0, -692.0, 317.0], "1722853460.431083": [-1190.0, 127.0, -1112.0, 134.0], "1722853466.062204": [-916.0, 134.0, -1137.0, 284.0], "1722853476.2790906": [-1190.0, 166.99999999999946, -1111.9999999999995, 173.9999999999994], "1722916242.9707217": [-941.0, 343.9999999999992, -758.0000000000002, 153.00000000000003], "1722916245.6400812": [-941.0, 304.0, -758.0, 93.0], "1722916250.6299794": [-1185.0, 267.0, -758.0, 113.0], "1723257943.266466": [-941.0, 304.0, -916.0, 363.0], "1723257948.1911678": [-941.0, 343.9999999999992, -916.0, 402.99999999999955], "1723257951.8707602": [-720.0, 402.99999999999955, -692.0, 396.9999999999993], "1723257970.5457573": [-1190.0, 127.0, -360.0, 273.0], "1723258040.5380516": [-562.0000000000002, 153.00000000000003, -488.0, 192.99999999999957], "1723258043.3785288": [-562.0, 113.0, -488.0, 93.0], "1723258050.9109654": [-1185.0, 267.0, -488.0, 133.0], "1723258063.9258175": [-941.0, 304.0, -488.0, 113.0], "1723258134.5112689": [-292.0, 153.0, -235.0, 117.0], "1723258136.7989633": [-292.0, 192.99999999999957, -235.0, 176.99999999999963], "1723258159.2473445": [-1185.0, 267.0, -235.0, 137.0], "1723474102.1412282": [-1279.0, -20.0, -1207.0, -102.0], "1723474577.074486": [-1279.0000000000005, 20.000000000000114, -1222.0, 34.99999999999997], "1723474580.9815378": [-1539.0000000000005, 30.99999999999997, -1475.0000000000005, 20.000000000000114], "1723474584.1052217": [-1026.0, 34.99999999999997, -1475.0000000000005, 20.000000000000114], "1723474587.9780333": [-1026.0, 34.99999999999997, -1207.0, -61.999999999999886], "1723474864.0753877": [-1413.0, 192.99999999999935, -1386.0, 166.99999999999946], "1723475104.430203": [-1411.0, 298.99999999999903, -1381.0, 306.9999999999991], "1723475115.8434474": [-1011.0, -61.999999999999886, -970.0000000000002, -26.999999999999943], "1723475120.843567": [-774.0000000000002, -26.999999999999943, -1381.0, 306.9999999999991], "1723477320.8376582": [-164.0, 392.9999999999993, -126.0, 388.9999999999998], "1723477328.2798595": [-39.0, 176.99999999999963, -126.0, 388.9999999999998], "1723479870.8606925": [-164.0, 392.9999999999993, 120.0, 376.0000000000001], "1723479875.3052764": [-496.0, 357.0, 120.0, 336.0], "1723479895.4854238": [316.0, 336.0, 387.0, 337.0], "1723479959.4648588": [316.0, 336.0, 357.0, 215.0], "1723479965.1755018": [316.0, 376.0000000000001, 357.00000000000006, 255.00000000000003], "1723479969.5350175": [553.0, 255.00000000000003, 387.0, 377.0]}