{"1717052875.1315124": [208.0, 529.0, 325.00000000000006, 463.9999999999998], "1717052880.8056495": [521.0, 463.9999999999998, 591.0, 424.0], "1717052883.0348065": [208.0, 389.0, 325.0, 424.0], "1717052885.1754253": [208.0, 289.0, 325.0, 404.0], "1717052888.9016054": [208.0, 189.0, 325.0, 384.0], "1717052891.877434": [521.0, 424.0, 591.0, 364.0], "1717052894.4468434": [521.0, 404.0, 591.0, 344.0], "1717052896.7074828": [521.0, 384.0, 591.0, 324.0], "1717052908.9449978": [208.0, 289.0, 591.0, 384.0], "1717052933.614207": [216.0, 126.00000000000006, 291.0, 181.0000000000001]}