{"1717103162.4282808": [85.00000000000003, 366.99999999999966, 114.00000000000003, 381.99999999999943], "1717103165.0824504": [310.0, 381.99999999999943, 344.0000000000001, 391.9999999999998], "1717103167.58295": [310.0, 342.0, 344.0, 352.0], "1717103173.540812": [540.0, 352.0, 258.0, 589.0], "1717103190.7306747": [769.0, 757.9999999999999, 114.00000000000003, 381.99999999999943], "1717103195.7210875": [310.0, 342.0, 573.0, 638.0], "1717103211.8130713": [186.0, 478.0, 258.0, 609.0], "1717103227.5026798": [208.99999999999994, 639.9999999999993, 258.0000000000001, 668.9999999999998], "1717103231.8257816": [454.0, 609.0, 573.0, 678.0], "1717103234.2804189": [454.0, 589.0, 573.0, 658.0], "1717103242.939553": [454.0, 629.0, 573.0, 698.0], "1717103246.9237804": [186.0, 478.0, 573.0, 718.0], "1717103253.282616": [454.0000000000001, 668.9999999999998, 573.0, 757.9999999999999]}