{"1722853293.861194": [-41.00000000000017, 294.0, -11.000000000000114, 301.9999999999999], "1722853297.3479385": [184.9999999999999, 301.9999999999999, 243.9999999999999, 319.0], "1722853301.0949252": [439.9999999999999, 319.0, 460.0, 477.0], "1722853317.5339234": [656.0, 477.0, 507.0000000000002, 285.99999999999983], "1722853323.5013783": [440.0, 279.0, 507.0, 206.0], "1722853328.4061239": [185.0, 262.0, 507.0, 246.0], "1722853334.9103997": [185.0, 262.0, 460.0, 417.0], "1722853338.871483": [185.0, 262.0, 244.0, 279.0], "1722853342.2784922": [656.0, 437.0, 507.0, 226.0], "1722853345.3275404": [440.0, 279.0, 460.0, 397.0], "1722853439.5795171": [-41.000000000000114, 187.99999999999997, 14.999999999999886, 179.99999999999997], "1722853447.640168": [211.0, 140.0, 507.0, 166.0], "1722853460.431083": [211.0, 140.0, 274.0, 135.0], "1722853466.062204": [470.0, 135.0, 244.0, 259.0], "1722853470.1934125": [470.0, 135.0, 460.0, 377.0], "1722853476.2790906": [210.9999999999999, 179.99999999999997, 273.9999999999999, 175.00000000000003], "1722853496.8099022": [703.0000000000002, 285.99999999999983, 14.999999999999886, 179.99999999999997]}