{"1716923154.871957": [286.0, 557.0, 365.99999999999994, 513.0000000000002], "1716923158.0788734": [562.0, 513.0000000000002, 616.0, 435.0], "1716923160.8167396": [562.0, 433.0, 616.0, 335.0], "1716923164.091057": [562.0, 453.0, 616.0, 355.0], "1716923167.4842305": [562.0, 473.0, 616.0, 375.0], "1716923170.6890507": [286.0, 417.0, 366.0, 473.0], "1716923173.2381744": [307.0, 207.0, 366.0, 433.0], "1716923178.4543371": [290.0, 318.0, 366.0, 453.0], "1716923190.612172": [290.0, 318.0, 616.0, 395.0]}