{"1728579464.386105": [-231.0, 360.00000000000006, -136.0, 452.0000000000003], "1728579466.4835706": [-231.0, 360.00000000000006, -139.0, 328.00000000000017], "1728580373.1030009": [57.0, 328.00000000000017, 128.99999999999994, 323.00000000000017], "1728580375.921462": [324.99999999999994, 323.00000000000017, -139.0, 328.00000000000017], "1728580379.0842712": [60.0, 452.0000000000003, 142.99999999999994, 452.0000000000003], "1728580382.02345": [338.99999999999994, 452.0000000000003, -136.0, 452.0000000000003], "1728587221.84455": [57.0, 288.0, 119.0, 167.0], "1728587226.6684518": [57.0, 268.0, 119.0, 147.0], "1728587232.3525863": [57.0, 328.00000000000017, 118.99999999999994, 207.00000000000006], "1728587247.2825482": [315.0, 167.0, 406.0, 178.0], "1728587251.6252658": [314.99999999999994, 207.00000000000006, 406.0, 218.00000000000017], "1728587254.31872": [315.0, 127.0, 406.0, 138.0], "1728587270.1884806": [602.0, 218.00000000000017, 669.0, 231.00000000000017], "1728587272.0978005": [602.0, 178.0, 669.0, 191.0], "1728587279.524033": [315.0, 127.0, 669.0, 131.0], "1728588333.6539102": [865.0, 231.00000000000017, 917.0, 198.0], "1728588335.7124128": [865.0, 191.0, 917.0, 158.0], "1728588337.9153256": [865.0, 171.0, 917.0, 138.0], "1728589326.1851292": [315.0, 147.0, 406.0, 158.0], "1728589337.0413644": [602.0, 158.0, 669.0, 151.0]}