{"1717103165.0824504": [235.0, 172.9999999999995, 269.0000000000002, 182.99999999999983], "1717103167.58295": [235.0, 133.0, 269.0, 143.0], "1717103173.540812": [465.0, 143.0, 172.0, 385.0], "1717103195.7210875": [235.0, 133.0, 498.0, 429.0], "1717103211.8130713": [111.0, 269.0, 172.0, 405.0], "1717103227.5026798": [133.9999999999999, 430.99999999999955, 172.0000000000001, 465.0], "1717103231.8257816": [368.0, 405.0, 498.0, 469.0], "1717103234.2804189": [368.0, 385.0, 498.0, 449.0], "1717103242.939553": [368.0, 425.0, 498.0, 489.0], "1717103246.9237804": [111.0, 269.0, 498.0, 509.0], "1717103253.282616": [368.0000000000001, 465.0, 498.0, 549.0], "1719207129.9544299": [368.0, 425.0, 735.0, 393.0], "1719207142.3741262": [931.0, 393.0, 998.0, 391.0], "1719207144.6197689": [931.0, 373.0, 998.0, 371.0], "1719207164.5008168": [368.0000000000001, 465.0, 757.0, 293.0], "1719207172.3254862": [931.0, 393.0, 757.0, 253.0], "1719207182.250994": [931.0000000000002, 433.0, 710.0, 513.9999999999998], "1719207186.5568385": [906.0, 513.9999999999998, 735.0000000000002, 433.0], "1719207190.6517467": [931.0000000000002, 433.0, 998.0, 431.0], "1719207193.7227626": [1194.0, 431.0, 966.0, 524.0], "1719207196.4063914": [1162.0, 524.0, 998.0, 431.0], "1721182003.9791455": [9.999999999999886, 157.99999999999977, 39.0, 172.9999999999995], "1721182006.98043": [223.0, 71.99999999999996, 39.0, 172.9999999999995], "1721182019.3263977": [694.0, 549.0, 26.999999999999986, 71.99999999999996]}