{"1722853293.861194": [-157.0, 349.9999999999996, -127.0, 357.9999999999995], "1722853297.3479385": [69.0, 357.9999999999995, 116.99999999999989, 394.9999999999996], "1722853317.5339234": [712.0, 481.99999999999983, 745.0, 453.9999999999997], "1722853323.5013783": [313.0, 355.0, 745.0, 374.0], "1722853328.4061239": [69.0, 318.0, 745.0, 414.0], "1722853334.9103997": [69.0, 318.0, 516.0, 422.0], "1722853338.871483": [69.0, 318.0, 117.0, 355.0], "1722853342.2784922": [712.0, 442.0, 745.0, 394.0], "1722853345.3275404": [313.0, 355.0, 516.0, 402.0], "1722853439.5795171": [-159.0, 243.99999999999972, -103.0, 235.9999999999997], "1722853460.431083": [93.0, 196.0, 142.0, 185.0], "1722853466.062204": [338.0, 185.0, 117.0, 335.0], "1722853476.2790906": [93.0, 235.9999999999997, 142.0, 224.9999999999997], "1722853496.8099022": [941.0, 453.9999999999997, -103.0, 235.9999999999997], "1722916242.9707217": [312.9999999999999, 394.9999999999996, 495.99999999999994, 204.00000000000006], "1722916245.6400812": [313.0, 355.0, 496.0, 144.0], "1722916250.6299794": [69.0, 318.0, 496.0, 164.0], "1723024145.7985828": [312.9999999999999, 394.9999999999996, 516.0, 481.99999999999983], "1723024363.4626145": [338.0, 185.0, 516.0, 382.0], "1723036036.445348": [93.0, 196.0, 745.0, 334.0]}