{"1716610689.4873066": [237.0, 353.0, 314.0, 538.0], "1716610693.4789803": [239.0, 245.0, 314.0, 518.0], "1716610697.4764278": [245.0, 113.0, 314.0, 498.0], "1716610702.5133958": [231.0, 498.00000000000006, 313.9999999999999, 578.0000000000002], "1716610705.886978": [510.0, 518.0, 565.0, 382.0], "1716610710.1799088": [510.0, 538.0, 565.0, 402.0], "1716610713.9987338": [239.0, 245.0, 565.0, 422.0], "1716610716.9990327": [509.9999999999999, 578.0000000000002, 565.0, 462.0000000000001]}