{"1717021911.3144598": [203.0, 155.0, 269.0, 400.0], "1717021913.4347572": [203.0, 255.0, 269.0, 420.0], "1717021915.5228572": [203.0, 355.0, 269.0, 440.0], "1717021921.9433725": [211.0000000000001, 479.0, 269.00000000000006, 480.0000000000001], "1717021927.7190104": [465.00000000000006, 480.0000000000001, 536.0, 431.0], "1717021930.9490001": [465.0, 440.0, 536.0, 371.0], "1717021933.2088459": [465.0, 420.0, 536.0, 351.0], "1717021937.4191992": [465.0, 400.0, 536.0, 331.0], "1717021943.0684886": [203.0, 255.0, 536.0, 391.0], "1717021969.9873354": [230.0, 57.000000000000085, 295.0, 105.00000000000011], "1717021973.0091603": [491.0, 65.0, 536.0, 311.0], "1717022002.3688633": [732.0, 431.0, 295.0, 105.00000000000011]}