{"1716488350.8701084": [271.0, 297.0, 391.0, 372.0], "1716488354.9859571": [271.0, 297.0, 411.0, 218.0], "1716488357.4458356": [271.0, 297.0, 416.0, 75.0], "1716488465.1138785": [267.0, 431.00000000000006, 391.00000000000006, 412.0000000000001], "1716488469.3761892": [267.0, 431.00000000000006, 411.0, 258.0000000000001], "1716488473.246279": [267.0, 431.00000000000006, 416.0, 115.00000000000007], "1716488508.8882914": [267.0, 191.0, 411.0, 178.0], "1716488511.3838377": [267.0, 191.0, 416.0, 35.0], "1716488513.9769425": [267.0, 191.0, 391.0, 332.0], "1716488527.441948": [267.0, 91.0, 391.0, 352.0], "1716488530.2341585": [267.0, 91.0, 411.0, 198.0], "1716488536.075664": [267.0, 91.0, 416.0, 55.0]}