{"1717103165.0824504": [320.0, 179.99999999999977, 354.00000000000006, 190.00000000000017], "1717103167.58295": [320.0, 140.0, 354.0, 150.0], "1717103173.540812": [550.0, 150.0, 268.0, 387.0], "1717103195.7210875": [320.0, 140.0, 583.0, 436.0], "1717103211.8130713": [196.0, 276.0, 268.0, 407.0], "1717103227.5026798": [218.99999999999994, 437.99999999999983, 268.00000000000006, 467.0000000000003], "1717103231.8257816": [464.0, 407.0, 583.0, 476.0], "1717103234.2804189": [464.0, 387.0, 583.0, 456.0], "1717103242.939553": [464.0, 427.0, 583.0, 496.0], "1717103246.9237804": [196.0, 276.0, 583.0, 516.0], "1717103253.282616": [464.00000000000006, 467.0000000000003, 583.0, 556.0], "1719207129.9544299": [464.0, 427.0, 820.0, 400.0], "1719207142.3741262": [1016.0, 400.0, 1083.0, 398.0], "1719207144.6197689": [1016.0, 380.0, 1083.0, 378.0], "1719207164.5008168": [464.00000000000006, 467.0000000000003, 842.0, 300.0000000000003], "1719207172.3254862": [1016.0, 400.0, 842.0, 260.0], "1719207182.250994": [1016.0000000000002, 440.00000000000017, 815.0, 534.0], "1719207186.5568385": [1011.0, 534.0, 820.0000000000002, 440.00000000000017], "1719207190.6517467": [1016.0000000000002, 440.00000000000017, 1083.0, 438.0000000000003], "1719207193.7227626": [1279.0, 438.0000000000003, 1051.0, 531.0], "1719207196.4063914": [1247.0, 531.0, 1083.0, 438.0000000000003], "1721372739.0585525": [94.99999999999994, 165.00000000000006, 124.0, 179.99999999999977], "1721372761.4610717": [284.0, 60.00000000000017, 124.0, 179.99999999999977], "1721372768.8222246": [779.0, 556.0, 88.0, 60.00000000000017]}