{"1722853293.861194": [-552.0, 370.9999999999993, -522.0, 378.9999999999992], "1722853297.3479385": [-326.0, 378.9999999999992, -277.99999999999994, 415.9999999999993], "1722853317.5339234": [363.0, 468.99999999999955, 499.0, 464.99999999999955], "1722853323.5013783": [-82.0, 376.0, 499.0, 385.0], "1722853328.4061239": [-326.0, 339.0, 499.0, 425.0], "1722853334.9103997": [-326.0, 339.0, 167.0, 409.0], "1722853338.871483": [-326.0, 339.0, -278.0, 376.0], "1722853342.2784922": [363.0, 429.0, 499.0, 405.0], "1722853345.3275404": [-82.0, 376.0, 167.0, 389.0], "1722853439.5795171": [-554.0, 264.99999999999943, -526.9999999999998, 238.99999999999932], "1722853460.431083": [-331.0, 199.0, -253.0, 206.0], "1722853466.062204": [-57.0, 206.0, -278.0, 356.0], "1722853476.2790906": [-330.9999999999998, 238.99999999999932, -252.99999999999983, 245.99999999999932], "1722853496.8099022": [695.0, 464.99999999999955, -526.9999999999998, 238.99999999999932], "1722916242.9707217": [-81.99999999999994, 415.9999999999993, 101.00000000000011, 224.99999999999977], "1722916245.6400812": [-82.0, 376.0, 101.0, 165.0], "1722916250.6299794": [-326.0, 339.0, 101.0, 185.0], "1723257943.266466": [-82.0, 376.0, -57.0, 435.0], "1723257948.1911678": [-81.99999999999994, 415.9999999999993, -56.99999999999983, 474.9999999999998], "1723257951.8707602": [139.00000000000017, 474.9999999999998, 167.0, 468.99999999999955], "1723257970.5457573": [-331.0, 199.0, 499.0, 345.0], "1723258040.5380516": [297.0000000000001, 224.99999999999977, 378.00000000000006, 260.9999999999997], "1723258043.3785288": [297.0, 185.0, 378.0, 161.0], "1723258050.9109654": [-326.0, 339.0, 378.0, 201.0], "1723258063.9258175": [-82.0, 376.0, 378.0, 181.0], "1723258134.5112689": [574.0, 221.0, 624.0, 189.0], "1723258136.7989633": [574.0, 260.9999999999997, 624.0, 248.99999999999966], "1723258159.2473445": [-326.0, 339.0, 624.0, 209.0]}