{"1722853293.861194": [-69.00000000000006, 212.99999999999994, -39.0, 220.99999999999991], "1722853297.3479385": [157.0, 220.99999999999991, 203.00000000000006, 237.99999999999994], "1722853301.0949252": [399.00000000000006, 237.99999999999994, 445.9999999999999, 459.99999999999994], "1722853317.5339234": [641.9999999999999, 459.99999999999994, 667.0000000000002, 289.9999999999999], "1722853323.5013783": [399.0, 198.0, 667.0, 210.0], "1722853328.4061239": [157.0, 181.0, 667.0, 250.0], "1722853334.9103997": [157.0, 181.0, 446.0, 400.0], "1722853338.871483": [157.0, 181.0, 203.0, 198.0], "1722853342.2784922": [642.0, 420.0, 667.0, 230.0], "1722853345.3275404": [399.0, 198.0, 446.0, 380.0]}