{"1717099894.389242": [121.00000000000006, 93.99999999999983, 150.00000000000006, 108.99999999999957], "1717099896.9693952": [346.00000000000006, 108.99999999999957, 377.0000000000001, 128.99999999999983], "1717099906.5111592": [346.0, 69.0, 377.0, 89.0], "1717099909.1282508": [573.0, 89.0, 614.0, 86.0], "1717099911.9193163": [573.0000000000001, 128.99999999999983, 614.0000000000002, 125.99999999999974], "1717099940.6918125": [810.0, 86.0, 612.0, 201.0], "1717099979.2939873": [808.0, 221.0, 262.0, 305.0], "1717099997.515111": [573.0, 89.0, 612.0, 221.0], "1717100336.6639202": [810.0000000000002, 125.99999999999974, 612.0, 260.9999999999994], "1717100450.0541615": [222.0, 205.0, 37.0, 490.0], "1717100462.1775298": [222.0, 205.0, 265.0, 492.0], "1717100465.5014498": [233.0, 490.0, 265.0, 472.0], "1717100471.57654": [222.00000000000006, 244.99999999999955, 36.99999999999994, 530.0], "1717100473.9473197": [232.99999999999994, 530.0, 265.0, 531.9999999999999], "1717100482.2494717": [461.0, 492.0, 262.0, 325.0], "1717100490.738451": [461.0, 531.9999999999999, 262.0000000000001, 384.99999999999983], "1717100494.4457548": [217.99999999999997, 358.99999999999955, 36.99999999999994, 530.0]}