{"1717103162.4282808": [-447.0, 62.9999999999998, -417.99999999999994, 77.99999999999955], "1717103165.0824504": [-221.99999999999994, 77.99999999999955, -187.99999999999983, 87.99999999999986], "1717103167.58295": [-222.0, 38.0, -188.0, 48.0], "1717103173.540812": [8.0, 48.0, -274.0, 285.0], "1717103190.7306747": [237.00000000000006, 453.99999999999994, -417.99999999999994, 77.99999999999955], "1717103195.7210875": [-222.0, 38.0, 41.0, 334.0], "1717103211.8130713": [-346.0, 174.0, -274.0, 305.0], "1717103227.5026798": [-323.0, 335.9999999999994, -273.99999999999983, 364.99999999999983], "1717103231.8257816": [-78.0, 305.0, 41.0, 374.0], "1717103234.2804189": [-78.0, 285.0, 41.0, 354.0], "1717103242.939553": [-78.0, 325.0, 41.0, 394.0], "1717103246.9237804": [-346.0, 174.0, 41.0, 414.0], "1717103253.282616": [-77.99999999999983, 364.99999999999983, 41.00000000000006, 453.99999999999994], "1719207129.9544299": [-78.0, 325.0, 278.0, 298.0], "1719207142.3741262": [474.0, 298.0, 541.0, 296.0], "1719207144.6197689": [474.0, 278.0, 541.0, 276.0], "1719207164.5008168": [-77.99999999999983, 364.99999999999983, 299.99999999999994, 197.99999999999997], "1719207172.3254862": [474.0, 298.0, 300.0, 158.0], "1719207182.250994": [474.00000000000017, 337.99999999999983, 272.99999999999994, 431.99999999999983], "1719207186.5568385": [468.99999999999994, 431.99999999999983, 278.00000000000017, 337.99999999999983], "1719207190.6517467": [474.00000000000017, 337.99999999999983, 541.0, 335.99999999999994], "1719207193.7227626": [737.0, 335.99999999999994, 509.0, 428.99999999999994], "1719207196.4063914": [705.0, 428.99999999999994, 541.0, 335.99999999999994]}